Search type: State

Introduced - HI|Tree|Shrub

Accepted Symbol,Synonym Symbol,Scientific Name,Common Name
ABELM,,Abelmoschus Medik.,okra
ABMO,,Abelmoschus moschatus Medik.,musk okra
ABMO,HIAB,Hibiscus abelmoschus L.,
ABUTI,,Abutilon Mill.,Indian mallow
ABAU,,Abutilon auritum (Wall. ex Link) Sweet,Asian Indian mallow
ABGR3,,Abutilon grandifolium (Willd.) Sweet,hairy Indian mallow
ABIN3,,Abutilon indicum (L.) Sweet,monkeybush
ACACI,,Acacia Mill.,acacia
ACAN10,,Acacia aneura F. Muell. ex Benth.,mulga
ACCO,,Acacia confusa Merr.,small Philippine acacia
ACME80,,Acacia mearnsii De Wild.,black wattle
ACME80,ACDEM,Acacia decurrens (Wendl. f.) Willd. var. mollis Lindl.,
ACME,,Acacia melanoxylon R. Br.,blackwood
ACPA81,,Acacia parramattensis Tindale,South Wales wattle
ACANT6,,Acanthocereus (Engelm. ex A. Berger) Britton & Rose,triangle cactus
ACTE4,,Acanthocereus tetragonus (L.) Humm.,triangle cactus
ACTE4,ACFL3,Acanthocereus floridanus Small ex Britton & Rose,
ACTE4,ACPE5,Acanthocereus pentagonus (L.) Britton & Rose,
ACTE4,CATE30,Cactus tetragonus L.,
ACTE4,CEPE4,Cereus pentagonus (L.) Haw.,
ACHYR2,,Achyranthes L.,chaff flower
ADENA,,Adenanthera L.,beadtree
ADPA,,Adenanthera pavonina L.,red beadtree
AESCH,,Aeschynomene L.,jointvetch
AGAVE,,Agave L.,agave
AGAM,,Agave americana L.,American century plant
AGAMA,,Agave americana L. ssp. americana,American century plant
AGAMA,AGAMM,Agave americana L. var. marginata Trel.,
AGAMA,AGAMM2,Agave americana L. var. mediopicta Trel.,
AGAMA,AGAMS,Agave americana L. var. striata Trel.,
AGAMA2,,Agave americana L. ssp. americana var. americana,American century plant
AGSI2,,Agave sisalana Perrine,sisal hemp
AGSI2,AGRIS,Agave rigida Mill. var. sisalana (Perrine) Engelm.,
AGERA2,,Ageratina Spach,snakeroot
AGRI2,,Ageratina riparia (Regel) R.M. King & H. Rob.,spreading snakeroot
AGRI2,EURI4,Eupatorium riparium Regel,
AILAN,,Ailanthus Desf.,ailanthus
AIAL,,Ailanthus altissima (Mill.) Swingle,tree of heaven
AIAL,AIGL,Ailanthus glandulosa Desf.,
AIAL,TOAL4,Toxicodendron altissimum Mill.,
ALBIZ,,Albizia Durazz.,albizia
ALCH2,,Albizia chinensis (Osbeck) Merr.,Chinese albizia
ALCH2,ALST9,Albizia stipulata (Roxb.) B. Boivin,
ALLE,,Albizia lebbeck (L.) Benth.,woman's tongue
ALLE,MILE6,Mimosa lebbeck L.,
ALSA10,,Albizia saponaria (Lour.) Blume ex Miq.,whiteflower albizia
ALEUR,,Aleurites J.R. Forst. & G. Forst.,aleurites
ALMO,,Aleurites moluccanus (L.) Willd.,Indian walnut
ALMO,ALJA10,Aleurites javanicus Gand.,
ALMO,ALJA7,"Aleurites javanica Gand., orth. var.",
ALMO,ALMO2,"Aleurites moluccana (L.) Willd., orth. var.",
ALMO,ALTR,Aleurites trilobus J.R. Forst. & G. Forst.,
ALMO,ALTR10,"Aleurites triloba J.R. Forst. & G. Forst., orth. var.",
ALMOK3,,"Aleurites moluccanus (L.) Willd. var. katoi O. Deg., I. Deg. & B.C. Stone",Indian walnut
ALMOK3,ALMOK2,"Aleurites moluccana (L.) Willd. var. katoi O. Deg., I. Deg. & B.C. Stone, orth. var.",
ALNUS,,Alnus Mill.,alder
ALNE2,,Alnus nepalensis D. Don,Nepal alder
ALPIN,,Alpinia Roxb.,alpinia
ALSTO,,Alstonia R. Br.,alstonia
ALMA16,,Alstonia macrophylla Wall. ex G. Don,deviltree
ALTER2,,Alternanthera Forssk.,joyweed
ALBR5,,Alternanthera brasiliana (L.) Kuntze,Brazilian joyweed
ALBR5,ACBR2,Achyranthes brasiliana (L.) Standl.,
ALBR5,ALDE2,Alternanthera dentata (Moench) Stuchlik ex R.E. Fries,
ALBR5,ALJA,Alternanthera jacquinii (Schrad.) Griseb. ex Kuntze,
ALBR5,GOBR3,Gomphrena brasiliana L.,
AMBRO,,Ambrosia L.,ragweed
ARCHO2,,Archontophoenix H. Wendl. & Drude,archontophoenix
ARAL,,Archontophoenix alexandrae (F. Muell.) H. Wendl. & Drude,Alexandra palm
ARDIS,,Ardisia Sw.,marlberry
ARCR80,,Ardisia crenata Sims,hen's eyes
AREL4,,Ardisia elliptica Thunb.,shoebutton
AREL4,ARPO6,Ardisia polycephala auct. non Wall. ex A. DC.,
ARTEM,,Artemisia L.,sagebrush
ARUND4,,Arundo L.,giant reed
ARDO4,,Arundo donax L.,giant reed
ARDO4,ARDOV,Arundo donax L. var. versicolor (Mill.) Stokes,
ARDO4,ARVE2,Arundo versicolor Mill.,
ASCLE,,Asclepias L.,milkweed
ASPAR,,Asparagus L.,asparagus
ASAE3,,Asparagus aethiopicus L.,Sprenger's asparagus fern
ASAE3,ASDE12,Asparagus densiflorus auct. non (Kunth) Jessop,
ASAE3,ASSP9,Asparagus sprengeri Regel,
ASPLE,,Asplenium L.,spleenwort
ATRIP,,Atriplex L.,saltbush
ATLE,,Atriplex lentiformis (Torr.) S. Watson,big saltbush
ATLEL,,Atriplex lentiformis (Torr.) S. Watson ssp. lentiformis,big saltbush
ATSE,,Atriplex semibaccata R. Br.,Australian saltbush
BAMBU,,Bambusa Schreb.,bamboo
BAVU2,,Bambusa vulgaris Schrad. ex J.C. Wendl.,common bamboo
BARLE,,Barleria L.,Philippine violet
BALU2,,Barleria lupulina Lindl.,hophead Philippine violet
BAUHI,,Bauhinia L.,bauhinia
BAMO2,,Bauhinia monandra Kurz,Napoleon's plume
BAMO2,CAMO17,Caspareopsis monandra (Kurz) Britton & Rose,
BEGON,,Begonia L.,begonia
BEFO,,Begonia foliosa Kunth,fuchsia begonia
BEFOM,,Begonia foliosa Kunth var. miniata (Planch.) L.B. Sm. & B.G. Schub.,fuchsia begonia
BIDEN,,Bidens L.,beggarticks
BISCH,,Bischofia Blume,bishopwood
BIJA,,Bischofia javanica Blume,Javanese bishopwood
BIXA,,Bixa L.,bixa
BIOR,,Bixa orellana L.,lipsticktree
BOCCO,,Bocconia L.,bocconia
BOFR2,,Bocconia frutescens L.,parrotweed
BOERH2,,Boerhavia L.,spiderling
BREYN,,Breynia J.R. Forst. & G. Forst.,breynia
BRDI8,,Breynia disticha J.R. Forst. & G. Forst.,snowbush
BRDI8,BRNI2,Breynia nivosa (W. Bull) Small,
BRDI8,PHNI4,Phyllanthus nivosus W. Bull,
BROUS,,Broussonetia L'Hér. ex Vent.,broussonetia
BRPA4,,Broussonetia papyrifera (L.) L'Hér. ex Vent.,paper mulberry
BRPA4,MOPA3,Morus papyrifera L.,
BRPA4,PAPA32,Papyrius papyriferus (L.) Kuntze,
BRUGM,,Brugmansia Pers.,brugmansia
BRCA31,,Brugmansia ×candida Pers. (pro sp.) [aurea × versicolor],angel's-trumpet
BRCA31,BRAR14,Brugmansia arborea auct. non (L.) Steud.,
BRCA31,BRCA12,"Brugmansia candida Pers., database artifact",
BRCA31,DAAR6,Datura arborea L.,
BRCA31,DACA15,Datura candida (Pers.) Saff.,
BRUGU,,Bruguiera Savigny,bruguiera
BRPA15,,Bruguiera parviflora (Roxb.) Wight & Arn. ex Griffith,smallflower bruguiera
BRSE11,,Bruguiera sexangula (Lour.) Poir.,Oriental mangrove
BRSE11,BRGY,"Bruguiera gymnorrhiza auct. non (L.) Savigny, orth. var.",
BRSE11,BRGY2,Bruguiera gymnorhiza auct. non (L.) Savigny,
BRSE11,RHGY,Rhizophora gymnorhiza auct. non L.,
BUDDL2,,Buddleja L.,butterflybush
BUAS,,Buddleja asiatica Lour.,dogtail
BUDA2,,Buddleja davidii Franch.,orange eye butterflybush
BUMA80,,Buddleja madagascariensis Lam.,smokebush
CAESA,,Caesalpinia L.,nicker
CADE15,,Caesalpinia decapetala (Roth) Alston,shoofly
CADE15,BISE2,Biancaea sepiaria (Roxb.) Todaro,
CADE15,CASE15,Caesalpinia sepiaria Roxb.,
CAMA21,,Caesalpinia major (Medik.) Dandy & Exell,Hawai'i pearls
CAMA21,CAGL22,Caesalpinia globulorum Bakh. f. & P. Royen,
CAMA21,GUOV2,Guilandina ovalifolia (Urb.) Britton,
CAJAN,,Cajanus Adans.,cajanus
CACA27,,Cajanus cajan (L.) Millsp.,pigeonpea
CACA27,CACA46,"Cajan cajan (L.) Huth, nom. inval.",
CACA27,CAIN44,Cajanus indicus Spreng.,
CALOP,,Calophyllum L.,calophyllum
CAIN4,,Calophyllum inophyllum L.,Alexandrian laurel
CALOT,,Calotropis R. Br.,calotropis
CAGI11,,Calotropis gigantea (L.) W.T. Aiton,giant milkweed
CAPR,,Calotropis procera (Aiton) W.T. Aiton,roostertree
CAPR,ASPR15,Asclepias procera Aiton,
CANNA2,,Canna L.,canna
CARIC,,Carica L.,papaya
CAPA23,,Carica papaya L.,papaya
CAPA23,PACA27,Papaya carica Gaertn.,
CARMO,,Carmona Cav.,scorpionbush
CARE22,,Carmona retusa (Vahl) Masamune,scorpionbush
CASUA,,Casuarina Rumph. ex L.,sheoak
CAEQ,,Casuarina equisetifolia L.,beach sheoak
CAEQ,CALI8,Casuarina litorea L. ex Fosberg & Sachet,
CAGL11,,Casuarina glauca Siebold ex Spreng.,gray sheoak
CECRO,,Cecropia Loefl.,pumpwood
CEOB,,Cecropia obtusifolia Bertol.,trumpet tree
CEREU,,Cereus Mill.,sweetpotato cactus
CEHI3,,Cereus hildmannianus K. Schum.,hedge cactus
CEHI3,CEPE5,Cereus peruvianus auct. non (L.) Mill.,
CEHI3,CEUR,Cereus uruguayanus auct. non Kiesling,
CEHI3,PIPE7,Piptanthocereus peruvianus auct. non (L.) Riccob.,
CEHI3,STPE13,"Stenocereus peruvianus auct. non Kiesling, nom. illeg.",
CESTR,,Cestrum L.,jessamine
CEAU2,,Cestrum aurantiacum Lindl.,orange jessamine
CEDI6,,Cestrum diurnum L.,day jessamine
CEDI6,CEDID,Cestrum diurnum L. var. diurnum,
CEDI6,CEDIP,Cestrum diurnum L. var. portoricense O.E. Schulz,
CENO,,Cestrum nocturnum L.,night jessamine
CENO,CEPA18,Cestrum parqui auct. non L'Hér.,
CHAMA17,,Chamaecrista (L.) Moench,sensitive pea
CHAMA15,,Chamaesyce Gray,sandmat
CHENO,,Chenopodium L.,goosefoot
CHRYS5,,Chrysophyllum L.,chrysophyllum
CHOL,,Chrysophyllum oliviforme L.,satinleaf
CHOL,CYOL,Cynodendron oliviforme (L.) Baehni,
CINCH,,Cinchona L.,cinchona
CIPU,,Cinchona pubescens Vahl,quinine
CIPU,CISU2,Cinchona succirubra Pav. ex Klotzsch,
CINNA2,,Cinnamomum Schaeff.,cinnamon
CIBU2,,Cinnamomum burmannii (Nees & Th. Nees) Nees ex Blume,Padang cassia
CICA,,Cinnamomum camphora (L.) J. Presl,camphortree
CICA,CACA52,"Camphora camphora (L.) Karst., nom. inval.",
CICA,LACA12,Laurus camphora L.,
CIVE2,,Cinnamomum verum J. Presl,cinnamon
CISSU,,Cissus L.,treebine
CIRO3,,Cissus rotundifolia (Forssk.) Vahl,Venezuelan treebine
CITHA,,Citharexylum L.,fiddlewood
CICA8,,Citharexylum caudatum L.,juniper berry
CISP3,,Citharexylum spinosum L.,spiny fiddlewood
CISP3,CIFR,Citharexylum fruticosum L.,
CISP3,CIFRF,Citharexylum fruticosum L. var. fruticosum,
CISP3,CIFRS,Citharexylum fruticosum L. var. smallii Moldenke,
CISP3,CIFRS2,Citharexylum fruticosum L. var. subvillosum Moldenke,
CISP3,CIFRV,Citharexylum fruticosum L. var. villosum (Jacq.) O.E. Schulz,
CISP3,CIPE2,Citharexylum pentandrum Vent.,
CLEOM,,Cleome L.,spiderflower
CLERO2,,Clerodendrum L.,glorybower
CLCH4,,Clerodendrum chinense (Osb.) Mabberley,stickbush
CLCH4,CLFR4,Clerodendrum fragrans (Vent.) Willd.,
CLCH4,CLFRM,Clerodendrum fragrans (Vent.) Willd. var. multiplex (Sweet) Moldenke,
CLCH4,CLPH,Clerodendrum philippinum Schauer,
CLGL2,,Clerodendrum glabrum E. Mey.,Natal glorybower
CLIN,,Clerodendrum indicum (L.) Kuntze,turk's turbin
CLIN,SIIN18,Siphonanthus indicus L.,
CLIN2,,Clerodendrum inerme (L.) Gaertn.,embrert
CLIN2,VOIN,Volkameria inermis L.,
CLJA3,,Clerodendrum japonicum (Thunb.) Sweet,Japanese glorybower
CLJA3,CLJAP,Clerodendrum japonicum (Thunb.) Sweet var. pleniflorum (Schauer) Maheshwari,
CLJA3,CLSQ3,Clerodendrum squamatum Vahl,
CLMA24,,Clerodendrum macrostegium Schauer,velvetleaf glorybower
CLIDE,,Clidemia D. Don,clidemia
CLHI3,,Clidemia hirta (L.) D. Don,soapbush
CLITO,,Clitoria L.,pigeonwings
CLUSI,,Clusia L.,attorney
CLRO,,Clusia rosea Jacq.,Scotch attorney
COCCO,,Coccoloba P. Br.,coccoloba
COUV,,Coccoloba uvifera (L.) L.,seagrape
COUV,POUV3,Polygonum uvifera L.,
COCOS,,Cocos L.,coconut palm
CONU,,Cocos nucifera L.,coconut palm
COFFE,,Coffea L.,coffee
COAR2,,Coffea arabica L.,Arabian coffee
COLUB,,Colubrina Rich. ex Brongn.,nakedwood
COAS3,,Colubrina asiatica (L.) Brongn.,Asian nakedwood
CONOC,,Conocarpus L.,mangrove
COER2,,Conocarpus erectus L.,button mangrove
COER2,COERS,Conocarpus erectus L. var. sericeus Fors ex DC.,
CORCH,,Corchorus L.,corchorus
CORDI,,Cordia L.,cordia
CODI18,,Cordia dichotoma G. Forst.,fragrant manjack
COSU2,,Cordia subcordata Lam.,kou
CORDY2,,Cordyline Comm. ex R. Br.,cordyline
COFR2,,Cordyline fruticosa (L.) A. Chev,tiplant
COFR2,COFR6,Convallaria fruticosa L.,
COFR2,COTE12,Cordyline terminalis (L.) Kunth,
COFR2,COTET3,Cordyline terminalis (L.) Kunth var. ti (Schott) Baker,
COFR2,DRTE3,Dracaena terminalis (L.) L.,
COREO2,,Coreopsis L.,tickseed
CORYM3,,Corymbia K.D. Hill & L.A.S. Johnson,corymbia
COCA48,,Corymbia calophylla (Lindl.) K.D. Hill & L.A.S. Johnson,redgum
COCA48,EUCA,Eucalyptus calophylla Lindl.,
COCI4,,Corymbia citriodora (Hook.) K.D. Hill & L.A.S. Johnson,lemonscented gum
COCI4,EUCI,Eucalyptus citriodora Hook.,
COFI7,,Corymbia ficifolia (F. Muell.) K.D. Hill & L.A.S. Johnson,redflower gum
COFI7,EUFI81,Eucalyptus ficifolia F. Muell.,
COGU4,,Corymbia gummifera (Sol. ex Gaertn.) K.D. Hill & L.A.S. Johnson,red bloodwood
COGU4,EUGU2,Eucalyptus gummifera (Sol. ex Gaertn.) Hochr.,
CORYN2,,Corynocarpus J.R. Forst. & G. Forst.,corynocarpus
COLA6,,Corynocarpus laevigatus J.R. Forst. & G. Forst.,karaka nut
COSTU,,Costus L.,costus
COTON,,Cotoneaster Medik.,cotoneaster
COTON,COADP3,Cotoneaster adpressus Bois var. praecox Bois & P. Berthault,
COTON,COHYP2,Cotoneaster hybridus hort. var. pendulus,
COTON,CONA3,Cotoneaster nanshan Mottet,
COPA14,,Cotoneaster pannosus Franch.,silverleaf cotoneaster
CRASS,,Crassula L.,pygmyweed
CROV3,,Crassula ovata (Mill.) Druce,jade plant
CROTA,,Crotalaria L.,rattlebox
CRAS2,,Crotalaria assamica Benth.,Indian rattlebox
CRBE8,,Crotalaria berteriana DC.,Berteron's rattlebox
CRLO3,,Crotalaria longirostrata Hook. & Arn.,longbeak rattlebox
CRMI9,,Crotalaria micans Link,Caracas rattlebox
CRMI9,CRAN15,Crotalaria anagyroides Kunth,
CRMI9,CRBR17,Crotalaria brachystachys Benth.,
CUPHE,,Cuphea P. Br.,waxweed
CUHY,,Cuphea hyssopifolia Kunth,false heather
CUIG,,Cuphea ignea A. DC.,cigar flower
CYATH,,Cyathea Sm.,treefern
CYCO18,,Cyathea cooperi (Hook. ex F. Muell.) Domin,Cooper's cyathea
CYCO18,SPCO18,Sphaeropteris cooperi (Hook. ex F. Muell.) R. Tryon,
CYPHO2,,Cypholophus Weddell,lopleaf
CYMO12,,Cypholophus moluccanus (Blume) Miq.,Hawai'I lopleaf
CYMO12,CYMA21,Cypholophus macrocephalus Weddell,
CYTIS,,Cytisus Desf.,broom
CYSC4,,Cytisus scoparius (L.) Link,Scotch broom
CYSCS2,,Cytisus scoparius (L.) Link var. scoparius,Scotch broom
CYSCS2,SASC6,Sarothamnus scoparius (L.) Wimm. ex Koch,
DALEA,,Dalea L.,prairie clover
DATUR,,Datura L.,jimsonweed
DAIN2,,Datura inoxia Mill.,pricklyburr
DAIN2,DAFA,Datura fastuosa auct. non L.,
DAIN2,DAIN5,"Datura innoxia Mill., orth. var.",
DAIN2,DAME,Datura metel auct. non L.,
DAIN2,DAME2,Datura meteloides auct. non Dunal. p.p.,
DELON,,Delonix Raf.,delonix
DERE,,Delonix regia (Bojer ex Hook.) Raf.,royal poinciana
DERE,PORE12,Poinciana regia Bojer ex Hook.,
DESMA,,Desmanthus Willd.,bundleflower
DESMO,,Desmodium Desv.,ticktrefoil
DECA15,,Desmodium cajanifolium (Kunth) DC.,tropical ticktrefoil
DEHE80,,Desmodium heterocarpon (L.) DC.,Asian ticktrefoil
DEHES,,Desmodium heterocarpon (L.) DC. var. strigosum van Meeuwen,Asian ticktrefoil
DESA81,,Desmodium sandwicense E. Mey.,Hawai'i ticktrefoil
DESA81,DEUN,Desmodium uncinatum auct. non (Jacq.) DC.,
DESA81,MEUN,Meibomia uncinata auct. non (Jacq.) Kuntze,
DILLE2,,Dillenia L.,dillenia
DISU11,,Dillenia suffruticosa (Griffith ex Hook. f. & Thomson) Martelli,shrubby dillenia
DODON,,Dodonaea Mill.,dodonaea
DOVI,,Dodonaea viscosa (L.) Jacq.,Florida hopbush
DOVI,DOEH,Dodonaea ehrenbergii Schltdl.,
DOVI,DOEL3,Dodonaea elaeagnoides J.H. Rudolph ex Ledeb. & Alderstam,
DOVI,DOER,Dodonaea eriocarpa Sm.,
DOVI,DOERA,Dodonaea eriocarpa Sm. var. amphioxea O. Deg. & Sherff,
DOVI,DOERC,Dodonaea eriocarpa Sm. var. confertior Sherff,
DOVI,DOERC2,"Dodonaea eriocarpa Sm. var. costulata O. Deg., I. Deg. & Sherff",
DOVI,DOERD,Dodonaea eriocarpa Sm. var. degeneri Sherff,
DOVI,DOERF,Dodonaea eriocarpa Sm. var. forbesii Sherff,
DOVI,DOERG,Dodonaea eriocarpa Sm. var. glabrescens Sherff,
DOVI,DOERH,Dodonaea eriocarpa Sm. var. hillebrandii Sherff,
DOVI,DOERH2,Dodonaea eriocarpa Sm. var. hosakana Sherff,
DOVI,DOERL,Dodonaea eriocarpa Sm. var. lanaiensis Sherff,
DOVI,DOERM,Dodonaea eriocarpa Sm. var. molokaiensis O. Deg. & Sherff,
DOVI,DOERO,Dodonaea eriocarpa Sm. var. oblonga Sherff,
DOVI,DOERO2,Dodonaea eriocarpa Sm. var. obtusior Sherff,
DOVI,DOERP,Dodonaea eriocarpa Sm. var. pallida O. Deg. & Sherff,
DOVI,DOERS,Dodonaea eriocarpa Sm. var. sherffii O. Deg. & I. Deg.,
DOVI,DOERS2,Dodonaea eriocarpa Sm. var. skottsbergii Sherff,
DOVI,DOERV,Dodonaea eriocarpa Sm. var. vaccinioides Sherff,
DOVI,DOERV2,Dodonaea eriocarpa Sm. var. varians O. Deg. & Sherff,
DOVI,DOERW,Dodonaea eriocarpa Sm. var. waimeana Sherff,
DOVI,DOJA,Dodonaea jamaicensis DC.,
DOVI,DOMI4,Dodonaea microcarya Small,
DOVI,DOSA,Dodonaea sandwicensis Sherff,
DOVI,DOSAL,Dodonaea sandwicensis Sherff var. latifolia O. Deg. & Sherff,
DOVI,DOSAS,Dodonaea sandwicensis Sherff var. simulans,
DOVI,DOSP,Dodonaea spathulata Sm.,
DOVI,DOST,Dodonaea stenoptera Hillebr.,
DOVI,DOSTF,Dodonaea stenoptera Hillebr. var. fauriei (Levl.) Sherff,
DOVI,DOTH,Dodonaea thunbergiana Eckl. & Zeyh.,
DOVI,DOVIA,Dodonaea viscosa (L.) Jacq. var. angustifolia (L. f.) Benth.,
DOVI,DOVIA2,Dodonaea viscosa (L.) Jacq. var. arborescens (A. Cunn. ex Hook.) Sherff,
DOVI,DOVIL,Dodonaea viscosa (L.) Jacq. var. linearis (Harv. & Sonder) Sherff,
DOVI,DOVIS,Dodonaea viscosa (L.) Jacq. var. spathulata (Sm.) West,
DOVI,PTVI4,Ptelea viscosa L.,
DOVYA,,Dovyalis E. Mey. ex Arn.,Ceylon gooseberry
DOHE2,,Dovyalis hebecarpa (G. Gardn.) Warb.,Ceylon gooseberry
DOHE2,ABGA,Aberia gardneri D. Clos,
DURAN,,Duranta L.,duranta
DUER,,Duranta erecta L.,golden dewdrops
DUER,DUERA,Duranta erecta L. var. alba (Masters) Caro,
DUER,DURE,Duranta repens L.,
DUER,DUREA,Duranta repens L. var. alba (Masters) L.H. Bailey,
DUER,DUREM,Duranta repens L. var. microphylla (Desf.) Moldenke,
ELAEA,,Elaeagnus L.,oleaster
ELUM,,Elaeagnus umbellata Thunb.,autumn olive
ELUMP,,Elaeagnus umbellata Thunb. var. parvifolia (Wall. ex Royle) C.K. Schneid.,autumn olive
ELUMP,ELPA10,Elaeagnus parvifolia Wall. ex Royle,
ENCEL,,Encelia Adans.,brittlebush
ENFA,,Encelia farinosa A. Gray ex Torr.,brittlebush
ENFA,ENFAF,Encelia farinosa A. Gray ex Torr. var. farinosa,
ENFA,ENFAP,Encelia farinosa A. Gray ex Torr. var. phenicodonta (S.F. Blake) I.M. Johnst.,
ENFA,ENFAR,Encelia farinosa A. Gray ex Torr. var. radians Brandegee ex S.F. Blake,
ENTAD2,,Entada Adans.,callingcard vine
ERIOB,,Eriobotrya Lindl.,loquat
ERJA3,,Eriobotrya japonica (Thunb.) Lindl.,loquat
ERJA3,MEJA2,Mespilus japonica Thunb.,
EUCAL,,Eucalyptus L'Hér.,gum
EUBO2,,Eucalyptus botryoides Sm.,southern mahogany
EUBR2,,Eucalyptus bridgesiana R. Baker,applebox
EUCA2,,Eucalyptus camaldulensis Dehnh.,river redgum
EUCA2,EUCAO,Eucalyptus camaldulensis Dehnh. var. obtusa Blakely,
EUCA2,EURO11,Eucalyptus rostrata Schltdl.,
EUCI80,,Eucalyptus cinerea F. Muell. ex Benth.,argyle apple
EUCO3,,Eucalyptus cornuta Labill.,yate
EUCR,,Eucalyptus crebra F. Muell.,narrowleaf red ironbark
EUDE,,Eucalyptus deanei Maiden,roundleaf gum
EUDE2,,Eucalyptus deglupta Blume,Indonesian gum
EUGL,,Eucalyptus globulus Labill.,Tasmanian bluegum
EUGLG,,Eucalyptus globulus Labill. ssp. globulus,Tasmanian bluegum
EUGLM,,Eucalyptus globulus Labill. ssp. maidenii (F. Muell.) J.B. Kirkpat.,Tasmanian bluegum
EUGLM,EUMA24,Eucalyptus maidenii F. Muell.,
EUGO,,Eucalyptus gomphocephala DC.,tuart
EUGO2,,Eucalyptus goniocalyx F. Muell. ex Miq.,mountain graygum
EUHE12,,Eucalyptus hemiphloia F. Muell. ex Benth.,white box
EUHEA,,Eucalyptus hemiphloia F. Muell. ex Benth. var. albens (Benth.) Maiden,whitebox
EUHEA,EUAL80,Eucalyptus albens Benth.,
EUMA4,,Eucalyptus marginata Donn ex Sm.,jarrah
EUMI,,Eucalyptus microcorys F. Muell.,Australian tallowwood
EUPA,,Eucalyptus paniculata Sm.,gray ironbark
EUPI,,Eucalyptus pilularis Sm.,blackbutt
EURA4,,Eucalyptus raveretiana F. Muell.,black ironbox
EURE2,,Eucalyptus resinifera Sm.,redmahogany
EURO2,,Eucalyptus robusta Sm.,swampmahogany
EURU2,,Eucalyptus rudis Endl.,Western Australian floodedgum
EUSA17,,Eucalyptus salicifolia (Sol.) Cav.,black peppermint
EUSA17,EUAM81,Eucalyptus amygdalina Labill.,
EUSA,,Eucalyptus saligna Sm.,Sydney bluegum
EUSI2,,Eucalyptus sideroxylon A. Cunn. ex Woolls,red ironbark
EUSI2,EUSIR2,Eucalyptus sideroxylon A. Cunn. ex Woolls var. rosea Rehder,
EUTE,,Eucalyptus tereticornis Sm.,forest redgum
EUTE,EUUM,Eucalyptus umbellatus Gaertn.,
EUVI,,Eucalyptus viminalis Labill.,manna gum
EUGEN,,Eugenia L.,stopper
EUUN2,,Eugenia uniflora L.,Surinam cherry
EUUN2,EUMI13,Eugenia michelii Lam.,
EUPHO,,Euphorbia L.,spurge
EUPU9,,Euphorbia pulcherrima Willd. ex Klotzsch,poinsettia
EUPU9,POPU10,Poinsettia pulcherrima (Willd. ex Klotzsch) Graham,
EUTI,,Euphorbia tirucalli L.,Indiantree spurge
FALCA2,,Falcataria (I.C. Nielsen) Barneby & Grimes,peacocksplume
FAMO,,Falcataria moluccana (Miq.) Barneby & Grimes,peacocksplume
FAMO,ALFA5,Albizia falcataria (L.) Fosberg,
FAMO,ALFA6,Albizia falcata auct.,
FAMO,PAFA8,Paraserianthes falcataria (L.) I.C. Nielsen,
FICUS,,Ficus L.,fig
FIMA,,Ficus macrophylla Desf. ex Pers.,Moreton Bay Fig
FIMI2,,Ficus microcarpa L. f.,Chinese banyan
FIMI2,FIRE5,Ficus retusa auct.,
FINO3,,Ficus nota (Blanco) Merr.,tibig
FIRU4,,Ficus rubiginosa Desf. ex Vent.,Port Jackson fig
FITH2,,Ficus thonningii Blume,fig
FITH2,FIMI9,Ficus microcarpa Vahl.,
FILIC2,,Filicium Thwaites,Ferntree
FIDE2,,Filicium decipiens (Wight & Arn.) Thwaites,Ferntree
FIDE2,FIDE7,"Filicium decipens (Wight & Arn.) Thwaites , database artifact",
FITCH,,Fitchia Hook. f.,fitchia
FISP3,,Fitchia speciosa Cheeseman,burr daisytree
FLEMI,,Flemingia Roxb. ex W.T. Aiton,flemingia
FLST,,Flemingia strobilifera (L.) W.T. Aiton,wildhops
FLST,MOST4,Moghania strobilifera (L.) J. St.-Hil. ex Kuntze,
FLIND,,Flindersia R. Br.,flindersia
FLBR,,Flindersia brayleyana F. Muell.,Queensland maple
FRANG,,Frangula Mill.,buckthorn
FRCA12,,Frangula californica (Eschsch.) A. Gray,California buckthorn
FRCAC5,,Frangula californica (Eschsch.) A. Gray ssp. californica,California buckthorn
FRCAC5,RHCA,Rhamnus californica Eschsch.,
FRCAC5,RHCAC8,Rhamnus californica Eschsch. ssp. californica,
FRANK,,Frankenia L.,seaheath
FRAXI,,Fraxinus L.,ash
FRAM2,,Fraxinus americana L.,white ash
FRAM2,FRAMB,Fraxinus americana L. var. biltmoreana (Beadle) J. Wright ex Fernald,
FRAM2,FRAMC,Fraxinus americana L. var. crassifolia Sarg.,
FRAM2,FRAMC2,Fraxinus americana L. var. curtissii (Vasey) Small,
FRAM2,FRAMJ,Fraxinus americana L. var. juglandifolia (Lam.) Rehder,
FRAM2,FRAMM,Fraxinus americana L. var. microcarpa A. Gray,
FRAM2,FRBI2,Fraxinus biltmoreana Beadle,
FRUH,,Fraxinus uhdei (Wenzig) Lingelsh.,shamel ash
FUCHS,,Fuchsia L.,fuchsia
FUBO,,Fuchsia boliviana Carrière,Bolivian fuchsia
FUHY2,,Fuchsia hybrida hort. ex Siebold & Voss,hybrid fuchsia
FUMA,,Fuchsia magellanica Lam.,hardy fuchsia
FUPA2,,Fuchsia paniculata Lindl.,shrubby fuchsia
FURCR,,Furcraea Vent.,furcraea
GALIU,,Galium L.,bedstraw
GARDE,,Gardenia Ellis,gardenia
GATA,,Gardenia taitensis DC.,Tahitian gardenia
GATA,GAWE,Gardenia weissichii H. St. John,
GERAN,,Geranium L.,geranium
GMELI,,Gmelina L.,gmelina
GMAS,,Gmelina asiatica L.,Asian bushbeech
GOSSY,,Gossypium L.,cotton
GOBA,,Gossypium barbadense L.,Creole cotton
GOBA,GOBAA,Gossypium barbadense L. var. acuminatum (Roxb. ex G. Don) Triana & Planch.,
GOBA,GOBR2,Gossypium brasiliense Macfad.,
GOBA,GOPE,Gossypium peruvianum Cav.,
GOBA,GOVI4,Gossypium vitifolium Lam.,
GOHI,,Gossypium hirsutum L.,upland cotton
GOHIH2,,Gossypium hirsutum L. var. hirsutum,upland cotton
GOHIH2,GOHE3,Gossypium herbaceum auct. non L.,
GOHIH2,GOHIP,Gossypium hirsutum L. var. punctatum (K. Schum. & Thonn.) Roberty,
GOHIH2,GOME3,Gossypium mexicanum Tod.,
GOHIH2,GOPU2,Gossypium purpurascens Poir.,
GREVI,,Grevillea R. Br. ex Knight,grevillea
GRBA,,Grevillea banksii R. Br.,kahiliflower
GRRO,,Grevillea robusta A. Cunn. ex R. Br.,silkoak
HAEMA2,,Haematoxylum L.,haematoxylum
HACA2,,Haematoxylum campechianum L.,bloodwoodtree
HARRI2,,Harrisia Britton,applecactus
HAMA7,,Harrisia martinii (Labour.) Britton,mooncactus
HAMA7,CEMA7,Cereus martinii Labour.,
HAMA7,ERMA16,Eriocereus martinii (Labour.) Riccob.,
HAPO6,,Harrisia pomanensis (F.A.C. Weber) Britton & Rose,applecactus
HAPO6,HABO,Harrisia bonplandii (Parmentier) Britton & Rose,
HEBE,,Hebe Comm. ex Juss.,hebe
HESP,,Hebe speciosa (R. Cunn. ex A. Cunn.) J.C. Andersen,New Zealand hebe
HESP,VESP4,Veronica speciosa R. Cunn. ex A. Cunn.,
HELIC4,,Helichrysum Mill.,strawflower
HELIO,,Heliocarpus L.,heliocarpus
HEPO4,,Heliocarpus popayanensis Kunth,white moho
HELIO3,,Heliotropium L.,heliotrope
HEFO11,,Heliotropium foertherianum Diane & Hilger,velvetleaf soldierbush
HEFO11,MEAR10,Messerschmidia argentea (L. f.) I.M. Johnst.,
HEFO11,TOAR2,Tournefortia argentea L. f.,
HETER11,,Heterocentron Hook. & Arn.,heterocentron
HESU4,,Heterocentron subtriplinervium (Link & Otto) A. Braun & Bouché,pearlflower
HESU4,HEMA7,Heterocentron macrostachyum Naud.,
HETER5,,Heteromeles M. Roem.,toyon
HEAR5,,Heteromeles arbutifolia (Lindl.) M. Roem.,toyon
HEARA2,,Heteromeles arbutifolia (Lindl.) M. Roem. var. arbutifolia,toyon
HEARA2,CRAR14,"Crataegus arbutifolia Aiton, non Lam., nom. illeg.",
HEARA2,HESA14,Heteromeles salicifolia (C. Presl) Abrams,
HEARA2,PHAR11,Photinia arbutifolia Lindl.,
HIBIS2,,Hibiscus L.,rosemallow
HICA6,,Hibiscus calyphyllus Cav.,lemonyellow rosemallow
HICA6,HIRO,Hibiscus rockii O. Deg. & I. Deg.,
HIMA5,,Hibiscus macrophyllus Roxb. ex Hornem.,largeleaf rosemallow
HIMU3,,Hibiscus mutabilis L.,Dixie rosemallow
HITI,,Hibiscus tiliaceus L.,sea hibiscus
HITI,PAGR2,Pariti grande Britton ex Small,
HITI,PATI2,Pariti tiliaceum (L.) A. Juss. ex Britton & Millsp.,
HITI,TATI,Talipariti tiliaceum (L.) Fryxell,
HOLMS,,Holmskioldia Retz.,holmskioldia
HOSA2,,Holmskioldia sanguinea Retz.,Chinese hatplant
HYLOC,,Hylocereus (A. Berger) Britton & Rose,nightblooming cactus
HYCO17,,Hylocereus costaricensis (F.A.C. Weber) Britton & Rose,Costa Rica nightblooming cactus
HYUN3,,Hylocereus undatus (Haw.) Britton & Rose,nightblooming cactus
HYUN3,CEUN,Cereus undatus Haw.,
HYPER,,Hypericum L.,St. Johnswort
HYCA11,,Hypericum canariense L.,Canary Island St. Johnswort
HYPTI,,Hyptis Jacq.,bushmint
ILEX,,Ilex L.,holly
ILAQ80,,Ilex aquifolium L.,English holly
ILCA,,Ilex cassine L.,dahoon
ILPA3,,Ilex paraguariensis A. St.-Hil.,mate
ILPA3,ILPA2,"Ilex paraguayensis A. St.-Hil., orth. var.",
IMPAT,,Impatiens L.,touch-me-not
IMSO,,Impatiens sodenii Engl. & Warb. ex Engl.,Oliver's touch-me-not
IMSO,IMOL,Impatiens oliveri C. Wright ex W. Watson,
INDIG,,Indigofera L.,indigo
IPOMO,,Ipomoea L.,morning-glory
IRESI,,Iresine P. Br.,bloodleaf
JACAR,,Jacaranda Juss.,jacaranda
JAMI,,Jacaranda mimosifolia D. Don,black poui
JAMI,JAAC,Jacaranda acutifolia auct. non Humb. & Bonpl.,
JACQU,,Jacquemontia Choisy,clustervine
JASMI,,Jasminum L.,jasmine
JATRO,,Jatropha L.,nettlespurge
JACU2,,Jatropha curcas L.,Barbados nut
JACU2,CUCU4,"Curcas curcas (L.) Britton & Millsp., nom. inval.",
JUSTI,,Justicia L.,water-willow
KUNZE,,Kunzea Rchb.,kunzea
KUER,,Kunzea ericoides (A. Rich.) J. Thomp.,burgan
KUER,KUPE2,Kunzea peduncularis F. Muell.,
KUER,LEER9,Leptospermum ericoides A. Rich.,
LANTA,,Lantana L.,lantana
LACA2,,Lantana camara L.,lantana
LACA2,LAAC3,Lantana aculeata L.,
LACA2,LACAA,Lantana camara L. var. aculeata (L.) Moldenke,
LACA2,LACAF,Lantana camara L. var. flava (Medik.) Moldenke,
LACA2,LACAH,Lantana camara L. var. hybrida (Neubert) Moldenke,
LACA2,LACAM,Lantana camara L. var. mista (L.) L.H. Bailey,
LACA2,LACAM2,Lantana camara L. var. mutabilis (Hook.) L.H. Bailey,
LACA2,LACAN,Lantana camara L. var. nivea (Vent.) L.H. Bailey,
LACA2,LACAS,Lantana camara L. var. sanguinea (Medik.) L.H. Bailey,
LACA2,LAST,Lantana strigocamara R.W. Sanders,
LACA2,LATI4,Lantana tiliifolia auct. non Cham.,
LAMO2,,Lantana montevidensis (Spreng.) Briq.,trailing shrubverbena
LAMO2,LASE7,Lantana sellowiana Link & Otto,
LAMO2,LIMO7,Lippia montevidensis Spreng.,
LATR5,,Lantana trifolia L.,threeleaf shrubverbena
LEONO,,Leonotis (Pers.) W.T. Aiton,lion's ear
LELE3,,Leonotis leonurus (L.) R. Br.,lion's ear
LEPID,,Lepidium L.,pepperweed
LEPTO4,,Leptospermum J.R. Forst. & G. Forst.,teatree
LEMO20,,Leptospermum morrisonii J. Thomp.,large-leaf yellow teatree
LEPE23,,Leptospermum petersonii L.H. Bailey,common teatree
LEPE23,LEFL3,Leptospermum flavescens Sm.,
LEPO22,,Leptospermum polygalifolim Salisb.,common teatree
LEPO22,LEFL28,"Leptospermum flavescens sensu W.L. Wagner et al. p.p., non Sm.",
LESC2,,Leptospermum scoparium J.R. Forst. & G. Forst.,broom teatree
LESC2,LESCM,Leptospermum scoparium J.R. Forst. & G. Forst. var. martinii hort.,
LESC2,LESCN,Leptospermum scoparium J.R. Forst. & G. Forst. var. nichollsii (Dorr. Sm.) Turrill,
LESPE,,Lespedeza Michx.,lespedeza
LIGUS2,,Ligustrum L.,privet
LISI,,Ligustrum sinense Lour.,Chinese privet
LISI,LIMI13,Ligustrum microcarpum Kaneh. & Sasaki,
LISI,LIVI7,Ligustrum villosum May,
LIVIS,,Livistona R. Br.,livistona
LICH3,,Livistona chinensis (Jacq.) R. Br. ex Mart.,fountain palm
LICH3,LIOL,Livistona oliviformis (Hassk.) Mart.,
LICH3,SAOL2,Saribus oliviformis Hassk.,
LOBEL,,Lobelia L.,lobelia
LONIC,,Lonicera L.,honeysuckle
LOPHO4,,Lophostemon Schott,lophostemon
LOCO9,,Lophostemon confertus (R. Br.) Peter G. Wilson & J.T. Waterh.,vinegartree
LOCO9,TRCO18,Tristania conferta R. Br.,
LUDWI,,Ludwigia L.,primrose-willow
LUPIN,,Lupinus L.,lupine
LYTHR,,Lythrum L.,loosestrife
LYMA3,,Lythrum maritimum Kunth,pukamole
MACAR,,Macaranga Thouars,macaranga
MAMA28,,Macaranga mappa (L.) Müll. Arg.,pengua
MATA3,,Macaranga tanarius (L.) Müll. Arg.,parasol leaf tree
MALAC,,Malachra L.,leafbract
MALLO,,Mallotus Lour.,mallotus
MAPH4,,Mallotus philippensis (Lam.) Müll. Arg.,kamala tree
MALVA3,,Malvaviscus Fabr.,wax mallow
MAAR14,,Malvaviscus arboreus Dill. ex Cav.,wax mallow
MAARA,,Malvaviscus arboreus Dill. ex Cav. var. arboreus,wax mallow
MAARA,MAARM,Malvaviscus arboreus Dill. ex Cav. var. mexicanus Schltdl.,
MAPE3,,Malvaviscus penduliflorus DC.,mazapan
MAPE3,MAARP,Malvaviscus arboreus Dill. ex Cav. var. penduliflorus (DC.) Schery,
MANGI,,Mangifera L.,mango
MAIN3,,Mangifera indica L.,mango
MANIH,,Manihot Mill.,cassava
MACA32,,Manihot carthagenensis (Jacq.) Müll. Arg.,
MACAG4,,Manihot carthagenensis (Jacq.) Müll. Arg. ssp. glaziovii (Müll. Arg.) Allem,ceara rubbertree
MACAG4,MAGL5,Manihot glaziovii Müll. Arg.,
MAES,,Manihot esculenta Crantz,cassava
MAES,JAMA3,Janipha manihot (L.) Kunth,
MAES,JAMA4,Jatropha manihot L.,
MAES,MAAI,Manihot aipi Pohl,
MAES,MADU3,Manihot dulcis (J.F. Gmel.) Pax,
MAES,MAMA18,"Manihot manihot (L.) Cockerell, nom. inval.",
MAES,MAME9,Manihot melanobasis Müll. Arg.,
MAES,MAUT,Manihot utilissima Pohl,
MEDIN,,Medinilla Gaudich.,medinilla
MEVE3,,Medinilla venosa (Blume) Blume,holdtight
MELAL,,Melaleuca L.,melaleuca
MEQU,,Melaleuca quinquenervia (Cav.) S.F. Blake,punktree
MEQU,MELE,"Melaleuca leucadendron auct. non (L.) L., orth. var.",
MEQU,MELE5,Melaleuca leucadendra auct. non (L.) L.,
MELAS,,Melastoma L.,melastoma
MECA9,,Melastoma candidum D. Don,Asian melastome
MEMA,,Melastoma malabathricum L.,Malabar melastome
MEMA,MEMAM2,Melastoma malabathricum L. var. mariannum (Naudin) Fosberg & Sachet,
MESA3,,Melastoma sanguineum Sims,red melastome
MELIA,,Melia L.,melia
MEAZ,,Melia azedarach L.,Chinaberrytree
MEAZ,MEAZU,Melia azedarach L. var. umbraculifera Knox,
MELOC,,Melochia L.,melochia
MEUM3,,Melochia umbellata (Houtt.) Stapf,hierba del soldado
MEUM3,MEIN11,Melochia indica Kurz,
METRO,,Metrosideros Banks ex Gaertn.,lehua
MEMA4,,Metrosideros macropus Hook. & Arn.,'ohi'a
MICON,,Miconia Ruiz & Pav.,johnnyberry
MICA20,,Miconia calvescens DC.,velvet tree
MIMOS,,Mimosa L.,sensitive plant
MIDI8,,Mimosa diplotricha C. Wright,giant false sensitive plant
MIDI8,MIIN80,"Mimosa invisa Mart., non Mart. ex Colla",
MITRA,,Mitracarpus Zucc.,girdlepod
MONTA,,Montanoa Llave & Lex.,montanoa
MOHI,,Montanoa hibiscifolia (Benth.) Standl.,treedaisy
MOHI,MOHI2,Montagnaea hibiscifolia Benth.,
MOREL2,,Morella Lour.,bayberry
MOCE2,,Morella cerifera (L.) Small,wax myrtle
MOCE2,CECE2,Cerothamnus ceriferus (L.) Small,
MOCE2,CEPU11,Cerothamnus pumilus (Michx.) Small,
MOCE2,MOCEP,"Morella cerifera (L.) Small var. pumila (Michx.) Kartesz, ined.",
MOCE2,MYCE,Myrica cerifera L.,
MOCE2,MYCEP,Myrica cerifera L. var. pumila Michx.,
MOCE2,MYPU,Myrica pusilla Raf.,
MOFA,,Morella faya (Aiton) Wilbur,firetree
MOFA,MYFA,Myrica faya Aiton,
MORIN,,Morinda L.,morinda
MOCI3,,Morinda citrifolia L.,Indian mulberry
MORUS,,Morus L.,mulberry
MOAL,,Morus alba L.,white mulberry
MOAL,MOALM,Morus alba L. var. multicaulis (Perr.) Loudon,
MOAL,MOALT,Morus alba L. var. tatarica (L.) Ser.,
MOAL,MOTA,Morus tatarica L.,
MUEHL,,Muehlenbeckia Meisn.,maidenhair vine
MUAX2,,Muehlenbeckia axillaris (Hook. f.) Walp.,sprawling wirevine
MUNTI,,Muntingia L.,muntingia
MUCA4,,Muntingia calabura L.,strawberrytree
MUSA2,,Musa L.,banana
MUPA3,,Musa ×paradisiaca L. (pro sp.) [acuminata × balbisiana],French plantain
MUPA3,MUORN,Musa ornata Roxb. var. normalis Kuntze,
MUPA3,MUSA,Musa sapientum L.,
MUTR2,,Musa troglodytarum L.,fe'i banana
NICOT,,Nicotiana L.,tobacco
NIGL,,Nicotiana glauca Graham,tree tobacco
OCHNA,,Ochna L.,ochna
OCSE2,,Ochna serrulata (Hochst.) Walp.,Mickey Mouse plant
OCTH,,Ochna thomasiana Engl. & Gilg,Thomas' bird's-eye bush
OCTH,OCKI3,Ochna kirkii Oliv.,
ODONT5,,Odontonema Nees,toothedthread
ODTU,,Odontonema tubiforme (Bertol.) Kuntze,firespike
ODTU,ODST,Odontonema strictum (Nees) Kuntze,
ODTU,THST5,Thyrsacanthus strictus Nees,
OLEA,,Olea L.,olive
OLEU,,Olea europaea L.,olive
OLEUC,,Olea europaea L. ssp. cuspidata (Wall. ex G. Don) Ciferri,African olive
OLEUC,OLAF,Olea africana Mill.,
OLEUC,OLCH,Olea chrysophylla Lam.,
OLEUC,OLEUA,Olea europaea L. ssp. africana (Mill.) P. Green,
OLEUC,OLFE2,Olea ferruginea Royle,
OLEUC,OLVE2,Olea verrucosa (Willd.) Link,
OLEUE,,Olea europaea L. ssp. europaea,European olive
OPUNT,,Opuntia Mill.,pricklypear
OPCO4,,Opuntia cochenillifera (L.) Mill.,cochineal nopal cactus
OPCO4,CACO56,Cactus cochenilliferus L.,
OPCO4,NOCO4,Nopalea cochenillifera (L.) Salm-Dyck,
OPFI,,Opuntia ficus-indica (L.) Mill.,Barbary fig
OPFI,CAFI8,Cactus ficus-indica L.,
OPFI,OPCO10,Opuntia compressa J.F. Macbr.,
OPFI,OPOP,"Opuntia opuntia (L.) Karst., nom. inval.",
OPFI,OPVU2,Opuntia vulgaris Mill.,
OPMO5,,Opuntia monacantha (Willd.) Haw.,common pricklypear
OPMO5,OPVU6,Opuntia vulgaris auct. non Mill.,
OXYSP,,Oxyspora DC.,oxyspora
OXPA3,,Oxyspora paniculata (D. Don) DC.,bristletips
PAEDE,,Paederia L.,sewer vine
PAFO3,,Paederia foetida L.,stinkvine
PAFO3,PASC15,"Paederia scandans (Lour.) Merr., database artifact",
PAFO3,PASC21,Paederia scandens (Lour.) Merr.,
PANDA,,Pandanus L. f.,screwpine
PATE2,,Pandanus tectorius Parkinson ex Zucc.,Tahitian screwpine
PATE2,PACH5,Pandanus chamissonis Gaudich.,
PATE2,PADO,Pandanus douglasii Gaudich.,
PATE2,PAME3,Pandanus menziesii Gaudich.,
PATE2,PAOD,Pandanus odoratissimus auct. non L. f.,
PATE2,PAODL,Pandanus odoratissimus L. f. var. laevigatus Martelli,
PATE2,PAODO,Pandanus odoratissimus L. f. var. oahuensis Martelli,
PATE2,PATEC,Pandanus tectorius Parkinson ex Zucc. var. chamissonis (Gaudich.) B.C. Stone,
PATE2,PATED,Pandanus tectorius Parkinson ex Zucc. var. douglasii (Gaudich.) B.C. Stone,
PATE2,PATEL,Pandanus tectorius Parkinson ex Zucc. var. laevigatus (Martelli) B.C. Stone,
PATE2,PATEM2,Pandanus tectorius Parkinson ex Zucc. var. menziesii (Gaudich.) B.C. Stone,
PATE2,PATEO,Pandanus tectorius Parkinson ex Zucc. var. oahuensis (Martelli) B.C. Stone,
PATE2,PATES,Pandanus tectorius Parkinson ex Zucc. var. sandvicensis Warb.,
PARKI2,,Parkinsonia L.,paloverde
PAAC3,,Parkinsonia aculeata L.,Jerusalem thorn
PARTH2,,Parthenium L.,feverfew
PECTI,,Pectis L.,chinchweed
PENTA7,,Pentas Benth.,pentas
PELA19,,Pentas lanceolata (Forssk.) Deflers,Egyptian starcluster
PERSE,,Persea Mill.,bay
PEAM3,,Persea americana Mill.,avocado
PETRE,,Petrea L.,petrea
PEVO,,Petrea volubilis L.,queen's-wreath
PEVO,PEKO3,Petrea kohautiana C. Presl,
PHILA,,Philadelphus L.,mock orange
PHKA4,,Philadelphus karwinskianus Koehne,evergreen mock orange
PHILO,,Philodendron Schott,philodendron
PHOEN2,,Phoenix L.,date palm
PHDA4,,Phoenix dactylifera L.,date palm
PHOTI,,Photinia Lindl.,chokeberry
PHDA5,,Photinia davidiana (Decne.) Cardot,Chinese photinia
PHRAG,,Phragmites Adans.,reed
PHAU7,,Phragmites australis (Cav.) Trin. ex Steud.,common reed
PHAU7,PHAUB,Phragmites australis (Cav.) Trin. ex Steud. var. berlandieri (Fourn.) C.F. Reed,
PHAU7,PHCO15,Phragmites communis Trin.,
PHAU7,PHCOB,Phragmites communis Trin. ssp. berlandieri (Fourn.) Á. Löve & D. Löve,
PHAU7,PHCOB2,Phragmites communis Trin. var. berlandieri (Fourn.) Fernald,
PHAU7,PHPH4,"Phragmites phragmites (L.) Karst., nom. inval.",
PHYLA,,Phyla Lour.,fogfruit
PHYLL,,Phyllanthus L.,leafflower
PHYLL6,,Phyllostachys Siebold & Zucc.,bamboo
PHNI80,,Phyllostachys nigra (Lodd. ex Lindl.) Munro,black bamboo
PHNI80,PHHE14,Phyllostachys henionis Mitford,
PHNI80,PHNIH2,Phyllostachys nigra (Lodd. ex Lindl.) Munro var. henionis (Mitford) Stapf ex Rendle,
PHYSA,,Physalis L.,groundcherry
PHPE4,,Physalis peruviana L.,Peruvian groundcherry
PHPE4,PHED3,Physalis edulis Sims,
PHYTO,,Phytolacca L.,pokeweed
PIMEN,,Pimenta Lindl.,pimenta
PIDI2,,Pimenta dioica (L.) Merr.,allspice
PIDI2,PIOF,Pimenta officinalis Lindl.,
PIDI2,PIPI5,"Pimenta pimenta (L.) Karst., nom. inval.",
PINUS,,Pinus L.,pine
PICA18,,Pinus caribaea Morelet,Caribbean pine
PIPA13,,Pinus patula Schiede ex Schltdl. & Cham.,Mexican weeping pine
PIPI6,,Pinus pinaster Aiton,maritime pine
PIPER,,Piper L.,pepper
PIME,,Piper methysticum G. Forst.,kava
PISCI,,Piscidia L.,piscidia
PIPI3,,Piscidia piscipula (L.) Sarg.,Florida fishpoison tree
PIPI3,ICPI,Ichthyomethia piscipula (L.) Hitchc. ex Sarg.,
PIPI3,PIER,Piscidia erythrina L.,
PISON,,Pisonia L.,catchbirdtree
PIGR6,,Pisonia grandis R. Br.,grand devil's-claws
PITHE,,Pithecellobium Mart.,blackbead
PIDU,,Pithecellobium dulce (Roxb.) Benth.,monkeypod
PITTO,,Pittosporum Banks ex Sol.,cheesewood
PIPE8,,Pittosporum pentandrum (Blanco) Merr.,Taiwanese cheesewood
PIUN2,,Pittosporum undulatum Vent.,Australian cheesewood
PIVI5,,Pittosporum viridiflorum Sims,Cape cheesewood
PLANT,,Plantago L.,plantain
PLECT2,,Plectranthus L'Hér.,plectranthus
PLUCH,,Pluchea Cass.,camphorweed
PLCA10,,Pluchea carolinensis (Jacq.) G. Don,cure for all
PLCA10,COCA22,Conyza carolinensis Jacq.,
PLCA10,COCO24,Conyza cortesii Kunth,
PLCA10,PLCO9,Pluchea cortesii (Kunth) DC.,
PLCA10,PLOD2,Pluchea odorata auct. non (L.) Cass.,
PLCA10,PLSY,"Pluchea symphytifolia auct. non Gillis, non Conyza symphytifolia Mill.",
PLIN4,,Pluchea indica (L.) Less.,Indian camphorweed
PLUMB,,Plumbago L.,leadwort
PLAU6,,Plumbago auriculata Lam.,Cape leadwort
PLAU6,PLCA9,Plumbago capensis Thunb.,
POLYG,,Polygala L.,polygala
POLYG4,,Polygonum L.,knotweed
PROSO,,Prosopis L.,mesquite
PRGL2,,Prosopis glandulosa Torr.,honey mesquite
PRGLG,,Prosopis glandulosa Torr. var. glandulosa,honey mesquite
PRGLG,PRCHG,Prosopis chilensis (Molina) Stuntz var. glandulosa (Torr.) Standl.,
PRGLG,PRJUG2,Prosopis juliflora (Sw.) DC. var. glandulosa (Torr.) Cockerell,
PRJU3,,Prosopis juliflora (Sw.) DC.,mesquite
PRPA4,,Prosopis pallida (Humb. & Bonpl. ex Willd.) Kunth,kiawe
PRPA4,PRLI,Prosopis limensis Benth.,
PRVE,,Prosopis velutina Wooton,velvet mesquite
PRVE,NEVE,Neltuma velutina (Wooton) Britton & Rose,
PRVE,PRAR4,Prosopis articulata S. Watson,
PRVE,PRCHV,Prosopis chilensis (Molina) Stuntz var. velutina (Wooton) Standl.,
PRVE,PRJU,Prosopis juliflora auct. non (Sw.) DC. p.p.,
PRVE,PRJUA,Prosopis juliflora (Sw.) DC. var. articulata (S. Watson) Wiggins,
PRVE,PRJUV2,Prosopis juliflora (Sw.) DC. var. velutina (Wooton) Sarg.,
PSEUD21,,Pseuderanthemum Radlk.,pseuderanthemum
PSIDI,,Psidium L.,guava
PSCA,,Psidium cattleianum Sabine,strawberry guava
PSCA,PSCAL,Psidium cattleianum Sabine var. littorale (Raddi) Mattos,
PSCA,PSLI3,Psidium littorale Raddi,
PSGU,,Psidium guajava L.,guava
PTERO5,,Pterolepis (DC.) Miq.,meadowbeauty
PTGL,,Pterolepis glomerata (Rottb.) Miq.,false meadowbeauty
PYRAC,,Pyracantha M. Roem.,firethorn
PYFO,,Pyracantha fortuneana (Maxim.) Li,Chinese firethorn
PYFO,PYCR,Pyracantha crenatoserrata (Hance) Rehder,
PYKO,,Pyracantha koidzumii (Hayata) Rehder,Formosa firethorn
QUERC,,Quercus L.,oak
QUSU5,,Quercus suber L.,cork oak
RAUVO,,Rauvolfia L.,devil's-pepper
RAVO,,Rauvolfia vomitoria Afzelius,poison devil's-pepper
RHIZO,,Rhizophora L.,mangrove
RHMA2,,Rhizophora mangle L.,red mangrove
RHODO2,,Rhodomyrtus (DC.) Rchb.,rhodomyrtus
RHTO10,,Rhodomyrtus tomentosa (Aiton) Hassk.,rose myrtle
RHTO10,RHTO,"Rhodomyrtus tomentosus (Aiton) Hassk., orth. var.",
RICIN,,Ricinus L.,ricinus
RICO3,,Ricinus communis L.,castorbean
RIVIN,,Rivina L.,rivina
RIHU2,,Rivina humilis L.,rougeplant
ROSA5,,Rosa L.,rose
RUBUS,,Rubus L.,blackberry
RUELL,,Ruellia L.,wild petunia
RUMEX,,Rumex L.,dock
SALSO,,Salsola L.,Russian thistle
SALVI,,Salvia L.,sage
SAMAN,,Samanea Merr.,raintree
SASA10,,Samanea saman (Jacq.) Merr.,raintree
SASA10,ALSA4,Albizia saman (Jacq.) F. Muell.,
SASA10,PISA3,Pithecellobium saman (Jacq.) Benth.,
SAMBU,,Sambucus L.,elderberry
SANI4,,Sambucus nigra L.,black elderberry
SANIC4,,Sambucus nigra L. ssp. canadensis (L.) R. Bolli,American black elderberry
SANIC4,SACA12,Sambucus canadensis L.,
SANIC4,SACAL2,Sambucus canadensis L. var. laciniata A. Gray,
SANIC4,SACAM4,"Sambucus caerulea Raf. var. mexicana (C. Presl ex DC.) L.D. Benson, orth. var.",
SANIC4,SACAS2,Sambucus canadensis L. var. submollis Rehder,
SANIC4,SACEM3,Sambucus cerulea Raf. var. mexicana (C. Presl ex DC.) L.D. Benson,
SANIC4,SAME5,Sambucus mexicana C. Presl ex DC.,
SANIC4,SAOR5,Sambucus orbiculata Greene,
SANIC4,SASI3,Sambucus simpsonii Rehder ex Sarg.,
SANCH,,Sanchezia Ruiz & Pav.,sanchezia
SASP7,,Sanchezia speciosa Leonard,shrubby whitevein
SCHEF,,Schefflera J.R. Forst. & G. Forst.,schefflera
SCAC2,,Schefflera actinophylla (Endl.) Harms,octopus tree
SCAC2,BRAC2,Brassaia actinophylla Endl.,
SCHIN,,Schinus L.,peppertree
SCMO,,Schinus molle L.,Peruvian peppertree
SCTE,,Schinus terebinthifolius Raddi,Brazilian peppertree
SCTE,SCTE16,"Schinus terebinthifolia Raddi, orth. var.",
SCTER2,,Schinus terebinthifolius Raddi var. raddianus Engl.,Brazilian peppertree
SCHIZ5,,Schizostachyum Nees,Polynesian 'ohe
SCGL,,Schizostachyum glaucifolium (Rupr.) Munro,Polynesian 'ohe
SCHLU,,Schlumbergera Lem.,schlumbergera
SCTR2,,Schlumbergera truncata (Haw.) Moran,false Christmas cactus
SCTR2,EPTR5,Epiphyllum truncatum Haw.,
SCTR2,ZYTR,Zygocactus truncatus (Haw.) K. Schum.,
SELEN2,,Selenicereus (A. Berger) Britton & Rose,moonlight cactus
SEGR10,,Selenicereus grandiflorus (L.) Britton & Rose,queen of the night
SEGR10,CEGR5,Cereus grandiflorus (L.) Mill.,
SEGR10,SEMA22,Selenicereus macdonaldiae (Hook.) Britton & Rose,
SENEC,,Senecio L.,ragwort
SENNA,,Senna Mill.,senna
SEAL4,,Senna alata (L.) Roxb.,emperor's candlesticks
SEAL4,CAAL14,Cassia alata L.,
SEAL4,HEAL11,Herpetica alata (L.) Raf.,
SEDI8,,Senna didymobotrya (Fresen.) Irwin & Barneby,African senna
SEDI8,CADI83,Cassia didymobotrya Fresen.,
SEDI8,CHDI4,Chamaesenna didymobotrya (Fresen.) Small,
SEMU5,,Senna multijuga (Rich.) Irwin & Barneby,false sicklepod
SEMU5,CAMU80,Cassia multijuga Rich.,
SEPE4,,Senna pendula (Humb. & Bonpl. ex Willd.) Irwin & Barneby,valamuerto
SEPEA,,Senna pendula (Humb. & Bonpl. ex Willd.) Irwin & Barneby var. advena (Vogel) Irwin & Barneby,valamuerto
SESE13,,Senna septemtrionalis (Viv.) H. Irwin & Barneby,arsenic bush
SESE13,ADLA3,Adipera laevigata (Willd.) Britton & Rose,
SESE13,CALA41,Cassia laevigata Willd.,
SESE13,SESE9,"Senna septentrionalis (Viv.) Irwin & Barneby, database artifact",
SESU10,,Senna sulfurea (DC. ex Collad.) Irwin & Barneby,smooth senna
SESU10,CAGL21,Cassia glauca Lam.,
SESU10,CASU25,Cassia sulfurea DC. ex Collad.,
SESU4,,Senna surattensis (Burm. f.) Irwin & Barneby,glossy shower
SESU4,CASU27,Cassia suffruticosa J. Koenig ex Roth,
SESU4,CASU62,Cassia surattensis Burm. f.,
SESU4,CASUS,Cassia surattensis Burm. f. var. suffruticosa (J. Koenig ex Roth) Chatterjee,
SERIS,,Serissa Commerson ex A. Juss.,snowrose
SEFO2,,Serissa foetida (L. f.) Lam.,snowrose
SEFO2,SEJA2,Serissa japonica (Thunb.) Thunb.,
SESBA,,Sesbania Scop.,riverhemp
SESE8,,Sesbania sesban (L.) Merr.,Egyptian riverhemp
SIDA,,Sida L.,fanpetals
SIAC3,,Sida acuta Burm. f.,common wireweed
SIAC3,SIACC,Sida acuta Burm. f. ssp. carpinifolia (L. f.) Waalkes,
SIAC3,SIACC2,Sida acuta Burm. f. var. carpinifolia (L. f.) K. Schum.,
SIAC3,SICA17,Sida carpinifolia L. f.,
SICO,,Sida cordifolia L.,‘ilima
SIDAS,,Sidastrum Baker f.,sandmallow
SIMU4,,Sidastrum multiflorum (Jacq.) Fryxell,manyflower sandmallow
SIMU4,SIAC4,Sida acuminata DC.,
SIMU4,SIAC5,Sidastrum acuminatum (DC.) Fryxell,
SILEN,,Silene L.,catchfly
SOLAN,,Solanum L.,nightshade
SOAV,,Solanum aviculare G. Forst.,New Zealand nightshade
SOAV,SOLA8,Solanum laciniatum Aiton,
SOMA3,,Solanum mauritianum Scop.,earleaf nightshade
SOMA3,SOAU4,Solanum auriculatum Aiton,
SONI3,,Solanum nigrescens M. Martens & Galeotti,divine nightshade
SONI3,SOAMB,"Solanum americanum Mill. var. baylisii D'Arcy, nom. inq.",
SONI3,SOGR11,Solanum gracilius Herter,
SONI3,SOGR12,"Solanum gracile Dunal, non Sendtn. 1846",
SONI3,SOGR6,Solanum gracile Otto,
SONI3,SOOT,Solanum ottonis auct. non Hyl.,
SONI3,SOSU3,Solanum sublobatum auct. non Willd. ex Roem. & Schult.,
SOPS,,Solanum pseudocapsicum L.,Jerusalem cherry
SOPS,SOCA2,Solanum capsicastrum Link ex Schauer,
SORO3,,Solanum robustum Wendl.,shrubby nightshade
SOTO4,,Solanum torvum Sw.,turkey berry
SOTO4,SOFI3,Solanum ficifolium Ortega,
SOVI3,,Solanum viride G. Forst. ex Spreng.,green nightshade
SOVI3,SOPU2,Solanum puberulum Nutt. ex Seem.,
SPART2,,Spartium L.,broom
SPJU2,,Spartium junceum L.,Spanish broom
SPATH,,Spathodea P. Beauv.,spathodea
SPCA2,,Spathodea campanulata P. Beauv.,African tuliptree
STACH2,,Stachytarpheta Vahl,porterweed
STTR3,,Stachytarpheta ×trimeni Rech. [mutabilis × urticifolia],porterweed
STMU2,,Stachytarpheta mutabilis (Jacq.) Vahl,changeable velvetberry
STREP4,,Streptosolen Miers,streptosolen
STJA8,,Streptosolen jamesonii (Benth.) Miers,marmalade bush
STYLO4,,Stylosanthes Sw.,pencilflower
STFR80,,Stylosanthes fruticosa (Retz.) Alston,shrubby pencilflower
STFR80,STMU3,Stylosanthes mucronata Willd.,
SWIET,,Swietenia Jacq.,mahogany
SWMA,,Swietenia macrophylla King,Honduras mahogany
SWMA2,,Swietenia mahagoni (L.) Jacq.,West Indian mahogany
SYNCA,,Syncarpia Ten.,turpentine tree
SYGL,,Syncarpia glomulifera (Sm.) Nied.,turpentine tree
SYGL,MEGL10,Metrosideros glomulifera Sm.,
SYZYG,,Syzygium P. Br. ex Gaertn.,syzygium
SYCU,,Syzygium cumini (L.) Skeels,Java plum
SYCU,EUCU,Eugenia cumini (L.) Druce,
SYCU,EUJA3,Eugenia jambolana Lam.,
SYCU,SYJA3,Syzygium jambolanum (Lam.) DC.,
SYJA,,Syzygium jambos (L.) Alston,Malabar plum
SYJA,EUJA,Eugenia jambos L.,
SYJA,JAJA2,Jambosa jambos (L.) Millsp.,
SYMA2,,Syzygium malaccense (L.) Merr. & L.M. Perry,Malaysian apple
SYMA2,EUMA5,Eugenia malaccensis L.,
SYMA2,JAMA2,Jambosa malaccensis (L.) DC.,
SYNE2,,Syzygium nervosum DC.,Daly River satinash
SYNE2,CLNI5,Cleistocalyx nitidus (Korth.) Blume,
SYNE2,EUCL,Eucalyptus cladocalyx F. Muell.,
SYNE2,EUNE9,"Eugenia nervosa (DC.) Bedd., nom. illeg.",
SYNE2,JANI2,Jambosa nitida Korth.,
SYNE2,SYCL2,Syzygium cleistocalyx (Merr.) P.S. Ashton,
TECOM,,Tecoma Juss.,trumpetbush
TECA9,,Tecoma castanifolia (D. Don) Melchior,chestnutleaf trumpetbush
TECA9,TEGA2,Tecoma gaudichaudii DC.,
TEST,,Tecoma stans (L.) Juss. ex Kunth,yellow trumpetbush
TEST,BIST2,Bignonia stans L.,
TEST,STST19,Stenolobium stans (L.) Seem.,
TEST,TESTA,Tecoma stans (L.) Juss. ex Kunth var. angustatum Rehder,
TECTO,,Tectona L. f.,tectona
TEGR,,Tectona grandis L. f.,teak
TEPHR,,Tephrosia Pers.,hoarypea
TERMI,,Terminalia L.,tropical almond
TECA,,Terminalia catappa L.,tropical almond
TEMY,,Terminalia myriocarpa van Heurck & Müll. Arg.,East Indian almond
TETRA7,,Tetrazygia Rich. ex DC.,clover ash
TEBI,,Tetrazygia bicolor (Mill.) Cogn.,Florida clover ash
THESP,,Thespesia Sol. ex Corrêa,thespesia
THPO3,,Thespesia populnea (L.) Sol. ex Corrêa,Portia tree
THEVE,,Thevetia Adans.,thevetia
THPE3,,Thevetia peruviana (Pers.) K. Schum.,luckynut
THPE3,CATH7,Cascabela thevetia (L.) Lippold,
THPE3,CETH6,Cerbera thevetia L.,
THPE3,THNE3,Thevetia neriifolia Juss. ex Steud.,
THUNB,,Thunbergia Retz.,thunbergia
TIBOU,,Tibouchina Aubl.,glorytree
TIHE2,,Tibouchina herbacea (DC.) Cogn.,herbaceous glorytree
TILO,,Tibouchina longifolia (Vahl) Baill. ex Cogn.,longleaf glorytree
TILO,RHLO2,Rhexia longifolia Vahl,
TIUR,,Tibouchina urvilleana (DC.) Cogn.,princess-flower
TOONA,,Toona (Endl.) Roem.,redcedar
TOCI,,Toona ciliata Roem.,Australian redcedar
TOCIC,,Toona ciliata Roem. ssp. ciliata,Australian redcedar
TOCIA,,Toona ciliata Roem. ssp. ciliata var. australis (F. Muell.) Bahadur,Australian redcedar
TOCIA,CETOA,Cedrela toona Roxb. ex Rottler & Willd. var. australis (F. Muell.) C. DC.,
TOCIA,TOAU2,Toona australis (F. Muell.) Harms,
TRADE,,Tradescantia L.,spiderwort
TREMA,,Trema Lour.,trema
TROR,,Trema orientalis (L.) Blume,Oriental trema
TREMB,,Trembleya DC.,trembleya
TRPH,,Trembleya phlogiformis DC.,island glorybush
TRPHP,,Trembleya phlogiformis DC. var. parvifolia Cogn.,island glorybush
TRIUM,,Triumfetta L.,burbark
TRRH,,Triumfetta rhomboidea Jacq.,diamond burbark
TRRH,TRBA6,Triumfetta bartramia L.,
TRRH,TREX,Triumfetta excisa Urb.,
TRSE4,,Triumfetta semitriloba Jacq.,Sacramento burbark
TURNE,,Turnera L.,turnera
TUUL,,Turnera ulmifolia L.,ramgoat dashalong
ULEX,,Ulex L.,gorse
ULEU,,Ulex europaeus L.,common gorse
URENA,,Urena L.,urena
VACHE,,Vachellia Wight & Arn.,acacia
VAFA,,Vachellia farnesiana (L.) Wight & Arn.,sweet acacia
VAFA,ACFA,Acacia farnesiana (L.) Willd.,
VAFA,ACFAF2,Acacia farnesiana (L.) Willd. var. farnesiana,
VAFA,ACMI4,Acacia minuta (M.E. Jones) R.M. Beauch.,
VAFA,ACMID,Acacia minuta (M.E. Jones) R.M. Beauch. ssp. densiflora (Alexander ex Small) R.M. Beauch.,
VAFA,ACSM,Acacia smallii Isely,
VAFA,MIFA,Mimosa farnesiana L.,
VAFA,PIMI5,Pithecellobium minutum M.E. Jones,
VAFA,VADE4,Vachellia densiflora Alexander ex Small,
VERNI,,Vernicia Lour.,vernicia
VEMO3,,Vernicia montana Lour.,mu oil tree
VEMO3,ALCO12,"Aleurites cordata auct. non (Thunb.) R. Br. ex Steud., orth. var.",
VEMO3,ALCO17,Aleurites cordatus auct. non (Thunb.) R. Br. ex Steud.,
VEMO3,ALMO11,"Aleurites montana (Lour.) E.H. Wilson, orth. var.",
VEMO3,ALMO16,Aleurites montanus (Lour.) E.H. Wilson,
VEMO3,VECO6,Vernicia cordata auct. non (Thunb.) Airy-Shaw,
VERON,,Veronica L.,speedwell
VIOLA,,Viola L.,violet
VITEX,,Vitex L.,chastetree
VIPA6,,Vitex parviflora Juss.,smallflower chastetree
VITR7,,Vitex trifolia L.,simpleleaf chastetree
VITRB,,Vitex trifolia L. var. bicolor (Willd.) Moldenke,simpleleaf chastetree
VITRS,,Vitex trifolia L. var. subtrisecta (Kuntze) Moldenke,simpleleaf chastetree
VITRT,,Vitex trifolia L. var. trifolia,simpleleaf chastetree
VITRV,,Vitex trifolia L. var. variegata Moldenke,varigated chastetree
